"Name","distance","embedding_size","final/%rmse_test","State","Notes","User","Tags","Created","Runtime","Sweep","batch_size","dropout","epochs","learning_rate","len_sequence","loss","model","multiplicity","num_test_sequences","num_train_sequences","num_val_sequences","scaling","seed","weight_decay","loss/train","loss/val","metrics/%rmse_val","metrics/mape_val","final/%rmse_train","final/%rmse_val","final/loss_test","final/loss_train","final/loss_val","final/mape_test","final/mape_train","final/mape_val","final/radius","final/scaling","train time"
"cnn_euclidean_128","euclidean","128","0.8793189060910801","finished","-","eitan-turok","","2023-05-08T19:05:02.000Z","3026","","128","0","500","0.001","2368","mse","cnn","11","150","7000","100","false","46","0","0.00003800400207064858","0.00010273028188620252","1.0135594796863303","0.06094765032180632","0.5970742654389933","0.8884278320984792","0.00007732017386092136","0.00003564976784495135","0.00007893040128472036","0.06078940573454703","0.05371999851333631","0.05579350252419409","","","2996.8319776058197"
"cnn_euclidean_128","euclidean","128","0.8467745284337345","finished","-","eitan-turok","","2023-05-08T17:26:13.000Z","5919","","128","0","500","0.001","2368","mse","cnn","11","150","7000","100","false","45","0","0.00002871216323367296","0.00007274829055243784","0.8529260844436513","0.057183736418232774","0.5452477267847784","0.8038283927193524","0.00007170271020041731","0.000029729508356396833","0.00006461400849417773","0.057901519508969865","0.04821573232036906","0.05648774361369586","","","5891.983669519424"
"cnn_euclidean_128","euclidean","128","0.8569195702784577","finished","-","eitan-turok","","2023-05-08T15:45:27.000Z","6037","","128","0","500","0.001","2368","mse","cnn","11","150","7000","100","false","44","0","0.00003523720073507639","0.00008847404631634356","0.9406064337242414","0.05441964222626253","0.5993862016537957","0.8233632360205058","0.00007343111499262165","0.000035926381873296474","0.00006779270184301592","0.060744989615025405","0.05272637275887","0.05480941656261983","","","6009.68554186821"
"cnn_euclidean_128","euclidean","128","0.812125066767713","finished","-","eitan-turok","","2023-05-08T14:45:32.000Z","3586","","128","0","500","0.001","2368","mse","cnn","11","150","7000","100","false","43","0","0.000030849328204685545","0.00007926274440839247","0.890296267589573","0.05375951343413555","0.5517810386605506","0.8618290708349333","0.00006595471240724624","0.0000304462314625316","0.00007427493473362046","0.0560104542547291","0.048806062970649114","0.0548301734812934","","","3557.71214222908"
"cnn_euclidean_64","euclidean","64","0.7821852826678232","finished","-","eitan-turok","","2023-05-08T13:36:51.000Z","4116","","128","0","500","0.001","2368","mse","cnn","11","150","7000","100","false","46","0","0.000029182536982025576","0.00007403123673290305","0.8604140673704902","0.05164601412686435","0.5633931719803419","0.78962101523868","0.00006118138164221423","0.00003174118662340712","0.00006235013477065638","0.054468865254581375","0.04841462781367364","0.04994192974735992","","","4092.97677731514"
"cnn_euclidean_64","euclidean","64","0.8870052145031497","finished","-","eitan-turok","","2023-05-08T12:42:39.000Z","3247","","128","0","500","0.001","2368","mse","cnn","11","150","7000","100","false","45","0","0.00003385961021341281","0.00011543976557511612","1.0744289905578503","0.05693227413025769","0.6305586135778964","0.9338288742131826","0.00007867782505557787","0.0000397604165157279","0.00008720363663142603","0.059695721566677094","0.05274304927014685","0.05506696993804941","","","3225.304899454117"
"cnn_euclidean_64","euclidean","64","0.8056558413002374","finished","-","eitan-turok","","2023-05-08T11:50:12.000Z","3137","","128","0","500","0.001","2368","mse","cnn","11","150","7000","100","false","44","0","0.000039163912332944825","0.00010911711215892938","1.0445913658408696","0.06233522325453132","0.5945602402611769","0.792652974768446","0.00006490813346211934","0.00003535018792994284","0.00006282987384092665","0.056604219430711714","0.049982536165745224","0.04994620869105512","","","3109.11678981781"
"cnn_euclidean_64","euclidean","64","0.8132881244856529","finished","-","eitan-turok","","2023-05-08T11:01:06.000Z","2936","","128","0","500","0.001","2368","mse","cnn","11","150","7000","100","false","43","0","0.000038902930240675974","0.00009753009302052434","0.987573253083154","0.058007029048120134","0.5862865474134902","0.884232556623429","0.00006614375734293909","0.00003437319156780307","0.00007818672141928057","0.05770453088235535","0.04958546538147834","0.056171351082698266","","","2908.2655091285706"
"cnn_euclidean_32","euclidean","32","0.9323194315538436","finished","-","eitan-turok","","2023-05-08T10:05:36.000Z","3320","","128","0","500","0.001","2368","mse","cnn","11","150","7000","100","false","46","0","0.000043425099847478455","0.00010651065518484554","1.0320399952755976","0.05842740704916945","0.6418839211639138","0.9293288703366588","0.0000869219522452882","0.00004120149682487615","0.00008636521492412107","0.05648395049091953","0.05138492868047256","0.05646702080061942","","","3290.0651621818542"
"cnn_euclidean_32","euclidean","32","0.950032397717434","finished","-","eitan-turok","","2023-05-08T09:23:11.000Z","2535","","128","0","500","0.001","2368","mse","cnn","11","150","7000","100","false","45","0","0.00004444942757235568","0.0001467913718814162","1.2115748919543363","0.06458886578679085","0.7114139704955045","1.0431765665621948","0.00009025615567127368","0.00005061098374161785","0.00010882173490244896","0.0627558246041571","0.053521406278401226","0.061237404394631434","","","2507.0920763015747"
"cnn_euclidean_32","euclidean","32","0.9378589734365292","finished","-","eitan-turok","","2023-05-08T08:30:34.000Z","3147","","128","0","500","0.001","2368","mse","cnn","11","150","7000","100","false","44","0","0.000041733173875730825","0.00013703382035453964","1.1706144555511846","0.06178472663642782","0.6989799417915427","1.015608238892013","0.00008795794540554206","0.000048857295902690835","0.0001031460094905336","0.060890996195459256","0.05402517143530505","0.06240888993396904","","","3118.545121908188"
"cnn_euclidean_32","euclidean","32","0.9665143264315028","finished","-","eitan-turok","","2023-05-08T07:01:10.000Z","5354","","128","0","500","0.001","2368","mse","cnn","11","150","7000","100","false","43","0","0.000040830986910876095","0.00008320397895530355","0.9121621509101524","0.05357295678119467","0.6486231764837356","0.8750092335993427","0.00009341499431973418","0.00004207120250718511","0.0000765641158884109","0.05857853465465625","0.049581186019367986","0.05228350949106794","","","5325.749840497971"
"cnn_euclidean_16","euclidean","16","1.1774907721505874","finished","-","eitan-turok","","2023-05-08T06:05:55.000Z","3305","","128","0","400","0.001","2368","mse","cnn","11","150","7000","100","false","46","0","0.00008310317980010642","0.00013712115017544346","1.1709874046096458","0.06579589301889593","0.929470330007872","1.160881828890374","0.00013864845184997866","0.00008639150943649424","0.00013476466206478594","0.0678214337991788","0.06006232573653196","0.06469360349455265","","","3278.1281332969666"
"cnn_euclidean_16","euclidean","16","1.2103204205090758","finished","-","eitan-turok","","2023-05-08T04:56:37.000Z","4148","","128","0","400","0.001","2368","mse","cnn","11","150","7000","100","false","45","0","0.00008271570659625077","0.0001709163914472241","1.307349958684453","0.06747646592030622","0.9628087883112582","1.1953373854730642","0.0001464875520301266","0.0000927000762849393","0.00014288314651095808","0.07083445206051171","0.061368181221283874","0.06485793840704543","","","4119.651383399963"
"cnn_euclidean_16","euclidean","16","1.1713697090107704","finished","-","eitan-turok","","2023-05-08T04:01:16.000Z","3311","","128","0","400","0.001","2368","mse","cnn","11","150","7000","100","false","44","0","0.00008652434275484064","0.00018515135490834112","1.3607033288279309","0.07340950940293495","0.9352358703921076","1.1888990349047257","0.0001372106995187977","0.00008746661332680832","0.00014134809151973877","0.06880495795134196","0.059770358752120625","0.06396896741606972","","","3283.33731508255"
"cnn_euclidean_16","euclidean","16","1.2663672450080403","finished","-","eitan-turok","","2023-05-08T03:30:31.000Z","1835","","128","0","400","0.001","2368","mse","cnn","11","150","7000","100","false","43","0","0.00009412034657895686","0.00018561576246436815","1.3624087582820663","0.07120126182081724","1.057997254429656","1.2753945611054485","0.00016036859992292544","0.000111935819038069","0.00016266312864973595","0.07469089159429473","0.06912764373770008","0.0754495070317779","","","1808.133901119232"
"cnn_euclidean_8","euclidean","8","1.8051135041404696","finished","-","eitan-turok","","2023-05-08T02:24:47.000Z","3933","","128","0","300","0.001","2368","mse","cnn","11","150","7000","100","false","46","0","0.0002548932483232302","0.00036733370354267384","1.9165951673284416","0.09858879260643565","1.6028273980253305","1.749501301889804","0.00032584347628302856","0.0002569055667860651","0.0003060754805314119","0.1010905881322737","0.09181889097334504","0.09383584515915976","","","3904.834171772003"
"cnn_euclidean_8","euclidean","8","1.889546432593186","finished","-","eitan-turok","","2023-05-08T01:51:08.000Z","2011","","128","0","300","0.001","2368","mse","cnn","11","150","7000","100","false","45","0","0.00026634717651479573","0.0003518547789156061","1.8757792485140836","0.099215785445589","1.6715346021547788","1.833675732767152","0.0003570385720925635","0.00027940279262007346","0.0003362366692939152","0.10176659154745288","0.09628402660496824","0.09701085074983462","","","1983.1004090309143"
"cnn_euclidean_8","euclidean","8","1.8410153005479983","finished","-","eitan-turok","","2023-05-08T01:05:13.000Z","2747","","128","0","300","0.001","2368","mse","cnn","11","150","7000","100","false","44","0","0.00026355021521932894","0.0003174251719845948","1.7816429832730092","0.09681575507828684","1.6307259520053357","1.7217826239832663","0.0003389337336851838","0.00026592671305437075","0.0002964535404250703","0.09998598257167228","0.09286433281139894","0.0949333142903116","","","2720.765219449997"
"cnn_euclidean_8","euclidean","8","1.8806941034983384","finished","-","eitan-turok","","2023-05-08T00:18:21.000Z","2803","","128","0","300","0.001","2368","mse","cnn","11","150","7000","100","false","43","0","0.0002611091324481992","0.0003210512695674117","1.791790360414442","0.09576242518846435","1.642107853656702","1.7213219533624726","0.00035370103109334187","0.000269651820304102","0.0002962949267127598","0.10004892937288988","0.09476274808196278","0.09539374354210768","","","2779.843535423279"
"cnn_euclidean_6","euclidean","6","2.2970732552103166","finished","-","eitan-turok","","2023-05-07T23:16:27.000Z","3705","","128","0","200","0.001","2368","mse","cnn","11","150","7000","100","false","46","0","0.0004236074168924484","0.0005410836049769488","2.32612038591503","0.12459303831211244","2.101789735438808","2.2072613629751365","0.000527654553980252","0.0004417520091995936","0.0004872002724482856","0.12395364798422094","0.11656207552745744","0.12105269174383144","","","3681.779925823212"
"cnn_euclidean_6","euclidean","6","2.2815954135480734","finished","-","eitan-turok","","2023-05-07T22:44:55.000Z","1882","","128","0","200","0.001","2368","mse","cnn","11","150","7000","100","false","45","0","0.0004345937323750468","0.0005164511095746561","2.2725560709796713","0.1197894946764214","2.1750499204808293","2.1963281150509517","0.0005205677631123604","0.0004730842156583661","0.0004823857188963265","0.12421711254706586","0.1207541788421668","0.1174850390414999","","","1853.9949300289152"
"cnn_euclidean_6","euclidean","6","2.2847446685683925","finished","-","eitan-turok","","2023-05-07T21:53:22.000Z","3083","","128","0","200","0.001","2368","mse","cnn","11","150","7000","100","false","44","0","0.0004269754105616458","0.0004838538885991456","2.1996679035689586","0.1176289748663854","2.069933861791123","2.1698739676837757","0.0005220058200551693","0.00042846261921895113","0.0004708353035631731","0.12217032993799888","0.1162368651357564","0.11721271214461086","","","3054.214531183243"
"cnn_euclidean_6","euclidean","6","2.328174448465609","finished","-","eitan-turok","","2023-05-07T21:27:57.000Z","1515","","128","0","200","0.001","2368","mse","cnn","11","150","7000","100","false","43","0","0.00043668479559483465","0.0005642855585778527","2.375469550589636","0.12271448505045188","2.1395356015779887","2.2327375227520148","0.0005420396262488142","0.0004577612590419685","0.0004985116845504804","0.125651070715597","0.11916138720976842","0.12114048592369966","","","1487.550101995468"
"cnn_euclidean_4","euclidean","4","3.1712852925449613","finished","-","eitan-turok","","2023-05-07T21:02:53.000Z","1497","","128","0","100","0.001","2368","mse","cnn","11","150","7000","100","false","46","0","0.000880494668632262","0.0008815013252509137","2.9690087996685253","0.16117726363919","2.97477725615584","2.9664159584016185","0.001005705040671198","0.000884929972374207","0.0008799623638259793","0.16964655924296754","0.1639031961583472","0.16170780148169006","","","1475.4048700332642"
"cnn_euclidean_4","euclidean","4","3.1226792906786134","finished","-","eitan-turok","","2023-05-07T20:28:46.000Z","2040","","128","0","100","0.001","2368","mse","cnn","11","150","7000","100","false","45","0","0.0008935703553150517","0.0009346466682230432","3.0571991564552077","0.16508315596315595","3.0059566446031023","3.0102390623340356","0.0009751125952433086","0.000903577534923354","0.0009061539212401691","0.16793380174327482","0.16346528058392662","0.1619501121116407","","","2018.0734567642212"
"cnn_euclidean_4","euclidean","4","3.205461728827651","finished","-","eitan-turok","","2023-05-07T19:53:56.000Z","2080","","128","0","100","0.001","2368","mse","cnn","11","150","7000","100","false","44","0","0.0008833273667539773","0.000937518725228129","3.0618927564957743","0.1587075760448822","2.9769705270593763","3.0099953142198883","0.0010274984894978751","0.0008862353518980181","0.0009060071791625684","0.17198882269379276","0.16588874547976953","0.16202871882554257","","","2051.714611530304"
"cnn_euclidean_4","euclidean","4","3.0948723813520167","finished","-","eitan-turok","","2023-05-07T19:19:05.000Z","2075","","128","0","100","0.001","2368","mse","cnn","11","150","7000","100","false","43","0","0.0008825768119377363","0.0008843953365159005","2.973878505446886","0.1589840172336559","2.953214059562619","2.965292744170495","0.00095782350568555","0.0008721473281598323","0.0008792961058630184","0.16311762959631765","0.1625638411586935","0.15778493240024105","","","2048.1675901412964"
"cnn_euclidean_2","euclidean","2","5.425083704240141","finished","-","eitan-turok","","2023-05-07T18:46:21.000Z","1954","","128","0","100","0.001","2368","mse","cnn","11","150","7000","100","false","46","0","0.0027746731268556476","0.0028003031712476954","5.291789084277354","0.2863570667998959","5.303005572503286","5.243405247452914","0.0029431533198011933","0.0028121868102000906","0.0027493298589016755","0.29673963035246403","0.29227660584449766","0.2864870354984746","","","1925.8888490200045"
"cnn_euclidean_2","euclidean","2","5.338993970897109","finished","-","eitan-turok","","2023-05-07T18:11:37.000Z","2074","","128","0","100","0.001","2368","mse","cnn","11","150","7000","100","false","45","0","0.002758996484535081","0.002743961559749688","5.238283649965596","0.2886228570191547","5.288389751905526","5.174859065202042","0.002850485662127568","0.0027967066168059387","0.002677916634470375","0.2962616018427565","0.29346654523502697","0.2864404047137559","","","2047.23463845253"
"cnn_euclidean_2","euclidean","2","5.420276043523182","finished","-","eitan-turok","","2023-05-07T17:36:55.000Z","2072","","128","0","100","0.001","2368","mse","cnn","11","150","7000","100","false","44","0","0.002735158143806961","0.002680404091329135","5.177261912757683","0.28275197851537454","5.284928581325541","5.177038273206904","0.0029379392387991316","0.0027930470109711605","0.0026801725282249124","0.2940936640258337","0.2900758147208722","0.28213294326656996","","","2044.244221687317"
"cnn_euclidean_2","euclidean","2","5.4503487285132834","finished","-","eitan-turok","","2023-05-07T17:02:12.000Z","2073","","128","0","100","0.001","2368","mse","cnn","11","150","7000","100","false","43","0","0.00271321314817609","0.002721261327916926","5.216571026945695","0.2830792002003602","5.252150334981438","5.191867633934785","0.002970630126240636","0.0027585083141245625","0.002695548952829958","0.2968383234005913","0.28759644750805646","0.27869853147954654","","","2045.2619955539703"
"cnn_hyperbolic_128","hyperbolic","128","0.6497254936138108","finished","-","eitan-turok","","2023-05-07T16:17:57.000Z","2645","","128","0","500","0.001","2368","mse","cnn","11","150","7000","100","true","46","0","0.000016558714847302656","0.00008792271007104034","0.9376711047645668","0.0425703841553192","0.4469678881297424","0.8480350190456127","0.000042214321705171006","0.00001997802930191619","0.00007191633935276927","0.03931217435105668","0.03377438792934665","0.042779320454356645","0.11182587593793868","1.117806911468506","2618.411191225052"
"cnn_hyperbolic_128","hyperbolic","128","0.6583068659901756","finished","-","eitan-turok","","2023-05-07T15:25:17.000Z","3150","","128","0","500","0.001","2368","mse","cnn","11","150","7000","100","true","45","0","0.00001524842393871052","0.0000864280576257957","0.9296669168352484","0.04299251105899762","0.43774179806695435","0.8375538950271648","0.0000433367929809807","0.000019161788177489022","0.00007014965270751749","0.04040254299705994","0.03267251627495536","0.04186642021166556","0.11269636452198029","1.1091431379318235","3121.7872610092163"
"cnn_hyperbolic_128","hyperbolic","128","0.7071765291682529","finished","-","eitan-turok","","2023-05-07T14:55:09.000Z","1798","","128","0","500","0.001","2368","mse","cnn","11","150","7000","100","true","44","0","0.000018752347553687855","0.0000980865172298056","0.9903863752586948","0.04436211318680734","0.5512103142512029","0.8890728497967335","0.00005000986434064568","0.000030383281053690988","0.0000790450532245685","0.04473702761950909","0.04315184754249338","0.04586797854966587","0.10782240331172945","1.137576460838318","1770.4280557632446"
"cnn_hyperbolic_128","hyperbolic","128","0.6376997189759882","finished","-","eitan-turok","","2023-05-07T13:46:02.000Z","4137","","128","0","500","0.001","2368","mse","cnn","11","150","7000","100","true","43","0","0.000014452160666235602","0.00005232765232894871","0.7233785477116992","0.03861057494324867","0.4059739277943737","0.692861342646876","0.00004066609315820543","0.000016481483004879138","0.00004800568401344318","0.0389314894241508","0.02993870735071696","0.038745253031151464","0.11416002362966536","1.0996524095535278","4108.455496549606"
"cnn_hyperbolic_64","hyperbolic","64","0.6886759345540591","finished","-","eitan-turok","","2023-05-07T13:22:15.000Z","1420","","128","0","500","0.001","2368","mse","cnn","11","150","7000","100","true","46","0","0.000020099249928841947","0.0000740547448742401","0.8605506659938164","0.04174390660241397","0.5584234768085555","0.7917884965002989","0.000047427454283390655","0.00003118367794509554","0.0000626929023190204","0.044116910893045015","0.04100132790788428","0.04525996820041628","0.10971099883317947","1.1271404027938845","1397.6597850322723"
"cnn_hyperbolic_64","hyperbolic","64","0.7066935583788857","finished","-","eitan-turok","","2023-05-07T12:57:41.000Z","1467","","128","0","500","0.001","2368","mse","cnn","11","150","7000","100","true","45","0","0.000020657296562733666","0.00008999789047238389","0.948672179798606","0.04241701658777517","0.5529925195385487","0.8364895999241865","0.00004994157854542115","0.000030580072666559214","0.00006997148507813255","0.04357960894837209","0.04025361089369693","0.04595709277975439","0.10909702628850936","1.138978362083435","1446.7229726314545"
"cnn_hyperbolic_64","hyperbolic","64","0.7174738715937816","finished","-","eitan-turok","","2023-05-07T12:27:57.000Z","1777","","128","0","500","0.001","2368","mse","cnn","11","150","7000","100","true","44","0","0.000017579936823530225","0.00007646721860363308","0.8744553653768331","0.041092230633954806","0.48399780180094654","0.7918933210596563","0.000051476875641977025","0.000023425387214814832","0.00006270950319388918","0.04305397542031019","0.03494874131679535","0.04241796672494724","0.11232949793338776","1.1121718883514404","1755.674148797989"
"cnn_hyperbolic_64","hyperbolic","64","0.6985900757184055","finished","-","eitan-turok","","2023-05-07T11:49:48.000Z","2282","","128","0","500","0.001","2368","mse","cnn","11","150","7000","100","true","43","0","0.00001786517128975784","0.00007154493766126571","0.8458424064875544","0.04319577989403647","0.47330927686539337","0.8149279092313156","0.00004880280938922475","0.00002240216715668416","0.00006641074972441232","0.04114152186085581","0.03468975324212731","0.04375113127659066","0.11121739447116852","1.1099618673324585","2260.5291368961334"
"cnn_hyperbolic_32","hyperbolic","32","0.8231521105746167","finished","-","eitan-turok","","2023-05-07T11:17:08.000Z","1950","","128","0","500","0.001","2368","mse","cnn","11","150","7000","100","true","46","0","0.0000316190181716569","0.00008927598709976677","0.9448597096911624","0.04835039052698347","0.6866713666877002","0.855202910197197","0.00006775793971434461","0.00004715175658287541","0.00007313720176097551","0.048168887119298544","0.04666437545147809","0.04824776520783251","0.10961037874221802","1.10647714138031","1922.4067449569704"
"cnn_hyperbolic_32","hyperbolic","32","0.7493276115152855","finished","-","eitan-turok","","2023-05-07T10:15:01.000Z","3717","","128","0","500","0.001","2368","mse","cnn","11","150","7000","100","true","45","0","0.00002666000059300084","0.0000933000845940445","0.965919689177338","0.04593688367292134","0.5595346228227591","0.8408396578491714","0.00005614918693792027","0.000031307899413740734","0.00007070113302119113","0.04188673066412842","0.03687315311602184","0.04547578258797376","0.119280606508255","1.0413247346878052","3689.0013258457184"
"cnn_hyperbolic_32","hyperbolic","32","0.7530746192046971","finished","-","eitan-turok","","2023-05-07T09:41:21.000Z","2013","","128","0","500","0.001","2368","mse","cnn","11","150","7000","100","true","44","0","0.000029190768299899487","0.00009147161124579872","0.9564079215784378","0.04470586642020881","0.5851753542635417","0.8148584286293435","0.00005671213820902995","0.000034243019523746156","0.00006639942587082829","0.04327958984596351","0.03807434190809727","0.04365290213263396","0.11363939195871352","1.08691143989563","1991.3466584682465"
"cnn_hyperbolic_32","hyperbolic","32","0.7894208344225168","finished","-","eitan-turok","","2023-05-07T09:17:11.000Z","1443","","128","0","500","0.001","2368","mse","cnn","11","150","7000","100","true","43","0","0.00003105910610923144","0.00007245866182869337","0.8512265375838171","0.04315758046327215","0.642991468006757","0.8436587083638764","0.00006231852538203425","0.00004134380279294844","0.00007117600161982042","0.04791247085236863","0.04230319862899842","0.04734401138743969","0.11049320548772812","1.11476731300354","1421.850265264511"
"cnn_hyperbolic_16","hyperbolic","16","1.1192659836781025","finished","-","eitan-turok","","2023-05-07T08:51:08.000Z","1556","","128","0","400","0.001","2368","mse","cnn","11","150","7000","100","true","46","0","0.00008030802252938269","0.0001349538794220096","1.161696515540998","0.05952002941960036","0.95118576985958","1.0524784087534096","0.00012527563422189096","0.00009047543687833618","0.0001107710800892109","0.059016004453436105","0.05612638634094944","0.057800770924247874","0.11136701703071594","1.0678319931030271","1533.4612619876862"
"cnn_hyperbolic_16","hyperbolic","16","1.060151154112924","finished","-","eitan-turok","","2023-05-07T08:17:26.000Z","2015","","128","0","400","0.001","2368","mse","cnn","11","150","7000","100","true","45","0","0.00008083553218914728","0.00015841239238995118","1.25861984884218","0.06102702424381719","0.9477867242400174","1.1326359856785346","0.00011239204695669652","0.00008982996746456226","0.0001282864276053986","0.05854934048165945","0.055025319187285066","0.06185836664956025","0.10933436453342438","1.072284460067749","1992.3589017391205"
"cnn_hyperbolic_16","hyperbolic","16","1.088872991781382","finished","-","eitan-turok","","2023-05-07T07:45:31.000Z","1905","","128","0","400","0.001","2368","mse","cnn","11","150","7000","100","true","44","0","0.00007907370155202466","0.00013648947884300442","1.1682871172918257","0.05637507791471","1.0011504604676544","1.0844672043670007","0.00011856443922309377","0.00010023022444945966","0.0001176069117347578","0.06275709651793943","0.05959074942361225","0.060003160783136736","0.10893107950687408","1.0884217023849487","1878.7330451011655"
"cnn_hyperbolic_16","hyperbolic","16","1.056988239100219","finished","-","eitan-turok","","2023-05-07T06:44:27.000Z","3654","","128","0","400","0.001","2368","mse","cnn","11","150","7000","100","true","43","0","0.00007519761156880405","0.00012402362417138058","1.1136589431750663","0.05595015844311377","0.9029979656293982","1.0327456121666097","0.0001117224137596182","0.00008154053259308317","0.00010665634994493854","0.05677681549183474","0.05079055951129306","0.0539650990279636","0.12717264890670776","0.9408794045448304","3626.2830860614777"
"cnn_hyperbolic_8","hyperbolic","8","1.0341152250766743","finished","-","eitan-turok","","2023-05-07T05:30:13.000Z","4443","","128","0","300","0.001","2368","mse","cnn","11","150","7000","100","true","46","0","0.00009396325311375564","0.00012658888789839252","1.1251172734359407","0.061479145869462175","1.0436069276997912","1.0359222363037912","0.00010693942987353808","0.00010891154195429974","0.00010731348796686476","0.05765834222703972","0.05780780683012752","0.05736325220026151","0.8826817870140076","0.0470176599919796","4415.342770814896"
"cnn_hyperbolic_8","hyperbolic","8","1.061780639831858","finished","-","eitan-turok","","2023-05-07T04:17:59.000Z","4324","","128","0","300","0.001","2368","mse","cnn","11","150","7000","100","true","45","0","0.00009379858779342992","0.0001691202974509015","1.300462600196182","0.06645426584915681","1.0787519944881423","1.1003120964580342","0.000112737812712175","0.00011637058656121447","0.00012106867096118742","0.05811448047791818","0.05729985594401112","0.06015015303185492","0.8419628143310547","0.0515771359205246","4296.771819829941"
"cnn_hyperbolic_8","hyperbolic","8","1.078865756528173","finished","-","eitan-turok","","2023-05-07T03:07:36.000Z","4213","","128","0","300","0.001","2368","mse","cnn","11","150","7000","100","true","44","0","0.00009174778164733296","0.000136506939001118","1.1683618403607592","0.06654077116437633","1.065286280628273","1.0931016109433531","0.0001163951320609107","0.000113483485969482","0.0001194871131846954","0.059393491268291305","0.05860888288431353","0.06436015558363212","0.8917532563209534","0.04622753709554672","4185.502557039261"
"cnn_hyperbolic_8","hyperbolic","8","1.0393305355693934","finished","-","eitan-turok","","2023-05-07T01:55:53.000Z","4293","","128","0","300","0.001","2368","mse","cnn","11","150","7000","100","true","43","0","0.00009236424750846496","0.0001341054885003791","1.1580392415647196","0.06359918074625912","1.0619378851600778","1.0450557251350916","0.00010802079621669616","0.00011277120719382588","0.00010921414686376324","0.05733416139346108","0.05701245476344189","0.058100173602802584","0.8793965578079224","0.04751616716384888","4266.043073415756"
"cnn_hyperbolic_6","hyperbolic","6","1.24803309135985","finished","-","eitan-turok","","2023-05-07T00:54:03.000Z","3700","","128","0","200","0.001","2368","mse","cnn","11","150","7000","100","true","46","0","0.00012630877905077747","0.00016025146643508864","1.265904682174328","0.0706444692671901","1.177340363989604","1.2021010064586146","0.00015575865971292235","0.0001386130332679173","0.00014450468297288145","0.07070649429589043","0.067669914232446","0.0703143563881667","0.9513118267059326","0.03502006456255913","3671.721749544144"
"cnn_hyperbolic_6","hyperbolic","6","1.2065483563833876","finished","-","eitan-turok","","2023-05-06T23:56:54.000Z","3147","","128","0","200","0.001","2368","mse","cnn","11","150","7000","100","true","45","0","0.00013015550609856433","0.00018315377091339817","1.3533431601533965","0.07690985905853184","1.2062618497870683","1.1881448569202142","0.00014557589362914543","0.00014550676502517195","0.00014116882010259562","0.06962775531564516","0.06926878575264633","0.07122403544608993","0.944336235523224","0.03556201979517937","3119.7169625759125"
"cnn_hyperbolic_6","hyperbolic","6","1.2523490071217336","finished","-","eitan-turok","","2023-05-06T22:29:13.000Z","3066","","128","0","200","0.001","2368","mse","cnn","11","150","7000","100","true","43","0","0.0001311270417116413","0.00018483675036207783","1.3595468008203242","0.07384525386673031","1.2328983540599776","1.2477971851683356","0.00015683780356387918","0.0001520038351443802","0.00015569978153140218","0.07131911244368393","0.0684271042567569","0.07053468042551869","0.9321234822273254","0.03767915815114975","3039.7298254966736"
"cnn_hyperbolic_4","hyperbolic","4","1.3862577205458106","finished","-","eitan-turok","","2023-05-06T21:14:35.000Z","1536","","128","0","100","0.001","2368","mse","cnn","11","150","7000","100","true","46","0","0.00021221696580276376","0.00021992313974264144","1.4829805789107335","0.08768706996633549","1.4335190612735913","1.459267530099548","0.00019217104677728668","0.00020549768990347185","0.00021294617244028345","0.09494831096272607","0.09167096210067922","0.08726283617844485","0.9871243834495544","0.024556007236242294","1513.1717393398285"
"cnn_hyperbolic_4","hyperbolic","4","1.459597421975965","finished","-","eitan-turok","","2023-05-06T20:48:27.000Z","1560","","128","0","100","0.001","2368","mse","cnn","11","150","7000","100","true","45","0","0.00020797168614354903","0.00021434011295875252","1.4640359044734952","0.08421184925719945","1.4469816906015218","1.448030306768972","0.0002130424634238884","0.0002093756012936038","0.00020967917693214433","0.09049540842406167","0.08612956225794631","0.08649033966991637","0.9861990809440612","0.024517694488167763","1538.6160788536072"
"cnn_hyperbolic_4","hyperbolic","4","1.4897143254812424","finished","-","eitan-turok","","2023-05-06T20:22:28.000Z","1552","","128","0","100","0.001","2368","mse","cnn","11","150","7000","100","true","44","0","0.00020886008684862064","0.00021055024042560935","1.4510349424655815","0.09851290499020104","1.4429485535407558","1.448236129907763","0.00022192487715440336","0.0002082100528165359","0.00020973878879702152","0.0898621949993524","0.09096648841283538","0.09878447634102118","0.9877318739891052","0.024072423577308655","1530.4350366592407"
"cnn_hyperbolic_4","hyperbolic","4","1.4185189898737267","finished","-","eitan-turok","","2023-05-06T19:56:36.000Z","1546","","128","0","100","0.001","2368","mse","cnn","11","150","7000","100","true","43","0","0.0002190510968106206","0.00021641611537867876","1.4711088177924798","0.08302309960126877","1.4532597096556128","1.4468553877954335","0.00020121961246323785","0.00021119637837083163","0.00020933905131926745","0.08562957267433205","0.09128317243944514","0.08826230249019584","0.9876519441604614","0.024149708449840546","1523.2749836444857"
"cnn_hyperbolic_2","hyperbolic","2","3.2535546109551756","finished","-","eitan-turok","","2023-05-06T19:30:44.000Z","1546","","128","0","100","0.001","2368","mse","cnn","11","150","7000","100","true","46","0","0.0012294488691107987","0.0013843821751358307","3.720728658657913","0.28852010003244033","3.3868503401638836","3.366957580592387","0.0010585617606467682","0.0011470755226668213","0.0011336403349508542","0.3078921771916234","0.35418060791337647","0.29957743907215617","1.0048993825912476","0.012352317571640016","1526.04030919075"
"cnn_hyperbolic_2","hyperbolic","2","2.764739765531019","finished","-","eitan-turok","","2023-05-06T18:59:37.000Z","1860","","128","0","100","0.001","2368","mse","cnn","11","150","7000","100","true","45","0","0.0010669905677582925","0.001183735635743072","3.4405459388635866","0.30597606515041503","2.845297948030818","2.9700836040894454","0.0007643785971108516","0.0008095720413068382","0.0008821396615280949","0.27021387646195605","0.30223419415486324","0.26881658256655994","1.0213018655776978","0.012464234605431557","1836.0385839939115"
"cnn_hyperbolic_2","hyperbolic","2","2.760559323421371","finished","-","eitan-turok","","2023-05-06T18:20:35.000Z","2330","","128","0","100","0.001","2368","mse","cnn","11","150","7000","100","true","44","0","0.0009657972046815148","0.001010070141461311","3.178160067493944","0.23125744583028737","3.0241471630708427","3.000315101800819","0.0007620687778128657","0.0009145466063909426","0.000900189071009406","0.2845870595797063","0.35090525147357543","0.28916570576754486","1.0047626495361328","0.012855860404670238","2300.1383459568024"
"cnn_hyperbolic_2","hyperbolic","2","2.703494164073093","finished","-","eitan-turok","","2023-05-06T17:47:42.000Z","1958","","128","0","100","0.001","2368","mse","cnn","11","150","7000","100","true","43","0","0.0009526939089349532","0.0009985364112306877","3.159962675777497","0.2855915584106638","2.92867400312842","2.9239347183188698","0.0007308880695177271","0.0008577131416600246","0.0008549394236990448","0.25585344555127276","0.3131344718189983","0.2460157855773213","1.0233067274093628","0.012560423463582993","1926.68235039711"